Model,Mean_Accuracy,Std_Accuracy,Scores
LogisticRegression,0.9273214285714285,0.006238367860273306,[0.93065476 0.93125    0.91577381 0.92589286 0.93303571]
RandomForest,0.952440476190476,0.003918638235864978,[0.94880952 0.94970238 0.95119048 0.95267857 0.95982143]
XGBoost,0.9670238095238096,0.0032894647332495364,[0.96488095 0.96458333 0.96369048 0.9702381  0.97172619]
