Model,Test_Accuracy,Test_AUC
XGBoost,0.9993650793650793,0.9999957482993198
