,precision,recall,f1-score,support
0,0.9834651329978433,0.9771428571428571,0.980293801504837,1400.0
1,0.952112676056338,0.9657142857142857,0.9588652482269504,1400.0
2,0.9690424766018718,0.9614285714285714,0.965220509143062,1400.0
accuracy,0.9680952380952381,0.9680952380952381,0.9680952380952381,0.9680952380952381
macro avg,0.968206761885351,0.9680952380952381,0.9681265196249499,4200.0
weighted avg,0.968206761885351,0.9680952380952381,0.9681265196249498,4200.0
