model,accuracy,auc
RandomForest,0.9993650793650793,0.9999976757369615
